{
    "Model": "LightGBM (baseline)",
    "AUC": 0.7781157800026268,
    "Accuracy": 0.7568411297009902,
    "Precision": 0.19568660899232362,
    "Recall": 0.6469284994964754
}