Model,AUC,Accuracy,Precision,Recall
LightGBM (baseline),0.7781157800026268,0.7568411297009902,0.19568660899232362,0.6469284994964754
